Date,Synthetic Price
2024-01-01,100.0
2024-01-02,101.05162824211018
2024-01-03,101.87224979193101
2024-01-04,102.22238516582193
2024-01-05,101.37197053451966
2024-01-06,101.7295702426813
2024-01-07,102.35416754604897
2024-01-08,102.92050836917987
2024-01-09,104.77081176935944
2024-01-10,106.99510763859115
2024-01-11,107.92734860201686
2024-01-12,108.79760881976036
2024-01-13,108.99829632877308
2024-01-14,108.6469895494353
2024-01-15,107.1569773910571
2024-01-16,107.30659689509612
2024-01-17,108.47552246487413
2024-01-18,108.24890150716303
2024-01-19,109.53792809413486
2024-01-20,109.25137290368627
2024-01-21,110.20626060496373
2024-01-22,109.84279352700399
2024-01-23,110.17184628209273
2024-01-24,112.50662020937358
2024-01-25,113.30787941687093
2024-01-26,113.01311604566574
2024-01-27,112.38312843271066
2024-01-28,112.19801828163685
2024-01-29,112.34825182721724
2024-01-30,114.96515054846718
2024-01-31,113.66119809518591
2024-02-01,114.45454830445846
2024-02-02,114.32304473527921
2024-02-03,113.64462525358753
2024-02-04,112.30080391561576
2024-02-05,112.87204202917181
2024-02-06,113.03805390930195
2024-02-07,114.08814826135307
2024-02-08,115.08595184374293
2024-02-09,113.8800686214948
2024-02-10,114.54902089674314
2024-02-11,115.36395706079504
2024-02-12,114.54251217980824
2024-02-13,115.39882174689836
2024-02-14,116.50566683764876
2024-02-15,115.69937105386695
2024-02-16,115.2270894288974
2024-02-17,116.01132905218026
2024-02-18,114.88374191853818
2024-02-19,114.2357101682042
2024-02-20,113.01782687355968
2024-02-21,112.20419869592361
2024-02-22,111.66546435803278
2024-02-23,111.75815542052852
2024-02-24,113.60995725810638
2024-02-25,115.1078543880397
2024-02-26,114.72270388042048
2024-02-27,116.07044071940173
2024-02-28,115.3092508886759
2024-02-29,117.22195403972327
2024-03-01,118.96924624636047
2024-03-02,119.2964113652851
2024-03-03,117.55007075644913
2024-03-04,118.21158584925342
2024-03-05,118.19854121417438
2024-03-06,117.50181492335736
2024-03-07,116.1472786894699
2024-03-08,116.13848291789914
2024-03-09,114.69557761475347
2024-03-10,113.87472979867026
2024-03-11,114.93571124522711
2024-03-12,112.27975291712231
2024-03-13,111.57807836569305
2024-03-14,111.60988305918822
2024-03-15,109.96713975699332
2024-03-16,109.51715660589156
2024-03-17,107.54733029529923
2024-03-18,108.07293572654471
2024-03-19,107.68701452925282
2024-03-20,107.88937962231196
2024-03-21,107.57246208093639
2024-03-22,109.6329405102722
2024-03-23,110.98883202541063
2024-03-24,111.39632165732311
2024-03-25,113.24902498250778
2024-03-26,114.78740470021204
2024-03-27,116.45891109616429
2024-03-28,114.8081472806638
2024-03-29,115.50840454358426
2024-03-30,116.96875089274515
2024-03-31,114.71214827974431
2024-04-01,115.19905760593721
2024-04-02,115.99378715212228
2024-04-03,116.45144645588596
2024-04-04,115.29016949294743
2024-04-05,115.02072591296961
2024-04-06,115.15432473830066
2024-04-07,117.25720106161825
2024-04-08,117.90974207920489
2024-04-09,117.45927700576289
2024-04-10,118.07780796744996
2024-04-11,118.08190694853062
2024-04-12,117.54820408288067
2024-04-13,119.38629824988793
2024-04-14,119.28858404417882
2024-04-15,120.15350909996094
2024-04-16,120.38257864952585
2024-04-17,121.10154742354305
2024-04-18,121.28777429149383
2024-04-19,120.05147633745347
2024-04-20,119.46954345367446
2024-04-21,120.34804061111966
2024-04-22,121.0225396677669
2024-04-23,122.53666769727498
2024-04-24,123.13065480072127
2024-04-25,121.89879101218656
2024-04-26,119.8372033752895
2024-04-27,118.1776695948475
2024-04-28,118.2046548539716
2024-04-29,118.50904598353193
2024-04-30,118.00833683764664
2024-05-01,119.64297178503828
2024-05-02,121.44394310064693
2024-05-03,118.29721252783878
2024-05-04,118.11401120674223
2024-05-05,117.39850122768057
2024-05-06,119.04750462110509
2024-05-07,119.01970883306214
2024-05-08,120.72347660953479
2024-05-09,121.56267490147667
2024-05-10,120.47176843189148
2024-05-11,121.6625687402781
2024-05-12,121.1543769331919
2024-05-13,120.75739884799845
2024-05-14,121.25510945924414
2024-05-15,120.91688318745187
2024-05-16,120.76679235082065
2024-05-17,120.29558446058623
2024-05-18,121.76739242567307
2024-05-19,121.3833597703437
2024-05-20,121.14948652045561
2024-05-21,121.0726145134619
2024-05-22,123.09606183310406
2024-05-23,124.11707845808506
2024-05-24,123.2165477980373
2024-05-25,123.11505521086114
2024-05-26,121.06632209210227
2024-05-27,120.39536776989887
2024-05-28,117.98046332448439
2024-05-29,119.40187856823914
2024-05-30,116.92514903605641
2024-05-31,117.81911573612139
2024-06-01,117.39234075770632
2024-06-02,119.00419391520958
2024-06-03,118.62898359486141
2024-06-04,118.93520099728087
2024-06-05,118.98841333842338
2024-06-06,117.8838396411484
2024-06-07,118.13370441157005
2024-06-08,116.45846310243078
2024-06-09,117.49902135073359
2024-06-10,117.67976522076601
2024-06-11,117.08406214478522
2024-06-12,117.33541784950256
2024-06-13,120.30847995216004
2024-06-14,119.80059935074524
2024-06-15,119.66217767287924
2024-06-16,120.33165660069155
2024-06-17,119.52193566654854
2024-06-18,121.45412119312645
2024-06-19,122.02720756110065
2024-06-20,121.14626402178797
2024-06-21,122.65062444626211
2024-06-22,124.32688081665962
2024-06-23,125.18186123588157
2024-06-24,126.21033826314483
2024-06-25,126.06647213339095
2024-06-26,125.42361683985631
2024-06-27,125.23359555685357
2024-06-28,125.43907025674086
2024-06-29,127.85386062589694
2024-06-30,124.97219576325736
2024-07-01,123.35058826255356
2024-07-02,124.83586587052444
2024-07-03,124.80738740964041
2024-07-04,126.28257822668014
2024-07-05,125.80672422659134
2024-07-06,125.97869428674271
2024-07-07,125.87030447530381
2024-07-08,123.62939427089795
2024-07-09,124.32258044852159
2024-07-10,121.93779662195473
2024-07-11,120.99170320518999
2024-07-12,120.45546932282811
2024-07-13,120.03438419929414
2024-07-14,118.73679944095623
2024-07-15,119.63962629107161
2024-07-16,119.87019676090256
2024-07-17,121.41494124781862
2024-07-18,122.51631352846637
2024-07-19,123.46907110079898
2024-07-20,124.19592360620388
2024-07-21,124.86024174666969
2024-07-22,126.02925495200718
2024-07-23,125.63242206320653
2024-07-24,123.65419036556494
2024-07-25,122.87413638726323
2024-07-26,121.36799614883998
2024-07-27,122.00927533579598
2024-07-28,124.51109794442064
2024-07-29,128.29970230682804
2024-07-30,130.07252852001758
2024-07-31,131.77512342358676
2024-08-01,132.42312587595413
2024-08-02,134.27374500106637
2024-08-03,134.47545085855222
2024-08-04,134.02528595880358
2024-08-05,131.8408567661967
2024-08-06,129.95649458068485
2024-08-07,130.69899307882685
2024-08-08,131.96255411765466
2024-08-09,132.873348658807
2024-08-10,131.9421545943194
2024-08-11,132.19492367109768
2024-08-12,131.09288416156164
2024-08-13,131.10492765700783
2024-08-14,129.3038362836179
2024-08-15,130.6392060627911
2024-08-16,130.81841152237524
2024-08-17,128.87964439711698
2024-08-18,130.02925825922856
2024-08-19,128.4571078370652
2024-08-20,128.13453837025668
2024-08-21,126.45028747017852
2024-08-22,127.62355925515365
2024-08-23,127.19620941478686
2024-08-24,128.8615475299595
2024-08-25,128.9572938849522
2024-08-26,131.3485933930832
2024-08-27,132.3748501985176
2024-08-28,132.7197467945783
2024-08-29,131.13382979995345
2024-08-30,129.00694671726632
2024-08-31,128.7663304280862
2024-09-01,129.22905073122973
2024-09-02,132.2017939353949
2024-09-03,135.60984619617437
2024-09-04,136.96129652190976
2024-09-05,139.55296757181787
2024-09-06,138.88605997787656
2024-09-07,137.62495826806412
2024-09-08,137.224529247547
2024-09-09,136.94950251409622
2024-09-10,138.7904401392476
2024-09-11,137.48657084292816
2024-09-12,138.2588981498588
2024-09-13,137.3981561239753
2024-09-14,137.28303169366828
2024-09-15,134.4731650903117
2024-09-16,135.3998731507867
2024-09-17,138.676435105196
2024-09-18,138.08756496937443
2024-09-19,138.31272491782258
2024-09-20,138.3109038597147
2024-09-21,141.29455322086014
2024-09-22,141.64236591027213
2024-09-23,141.71271631768158
2024-09-24,142.55314423283676
2024-09-25,146.96145167998841
2024-09-26,143.84362011677496
2024-09-27,143.26705877614594
2024-09-28,143.5009528874216
2024-09-29,146.53145383545817
2024-09-30,148.36792462154062
2024-10-01,147.04093072218865
2024-10-02,147.52320949483487
2024-10-03,148.95381331385676
2024-10-04,150.31428803826051
2024-10-05,149.43924041964203
2024-10-06,149.04858561520277
2024-10-07,150.54213820354815
2024-10-08,150.59746015789003
2024-10-09,150.31905782378468
2024-10-10,150.0633039168742
2024-10-11,147.72167317359475
2024-10-12,148.8358036855601
2024-10-13,146.8651992583022
2024-10-14,144.93778753616806
2024-10-15,147.10180237795961
2024-10-16,146.193697510539
2024-10-17,147.81252993562586
2024-10-18,149.16731483115436
2024-10-19,148.1203413777446
2024-10-20,147.2528831402604
2024-10-21,148.73272629619737
2024-10-22,149.86948868054756
2024-10-23,152.91909184319317
2024-10-24,151.64233617257332
2024-10-25,151.4927782491947
2024-10-26,152.94761153130327
2024-10-27,156.66711664178587
2024-10-28,156.22999630671666
2024-10-29,158.35559324341523
2024-10-30,158.28911355314472
2024-10-31,157.4534998666314
2024-11-01,157.10390686271228
2024-11-02,159.26645652516774
2024-11-03,156.90885955044143
2024-11-04,157.30847770495632
2024-11-05,156.36128739637897
2024-11-06,158.34633457184418
2024-11-07,160.8312805967466
2024-11-08,163.6689347002149
2024-11-09,163.2119272496602
2024-11-10,163.42614055372354
2024-11-11,162.94480203053186
2024-11-12,163.53686075819314
2024-11-13,163.62031266686515
2024-11-14,164.98289727918248
2024-11-15,165.75788215657744
2024-11-16,167.71733524020505
2024-11-17,169.02599304243884
2024-11-18,170.42865733815995
2024-11-19,170.755378919404
2024-11-20,169.07247567140618
2024-11-21,169.83722172174006
2024-11-22,170.281369763364
2024-11-23,172.44426485546208
2024-11-24,171.40063335737898
2024-11-25,172.94001345434702
2024-11-26,177.2094145789289
2024-11-27,175.97853290376665
2024-11-28,175.6914011980892
2024-11-29,176.3054002385855
2024-11-30,175.2321027368079
2024-12-01,173.44140173511227
2024-12-02,175.71293225501378
2024-12-03,177.82195003295703
2024-12-04,176.1716639396508
2024-12-05,174.78280329000378
2024-12-06,175.28682684998142
2024-12-07,172.48031020015196
2024-12-08,173.72230977341917
2024-12-09,175.11903179550188
2024-12-10,174.9874823780904
2024-12-11,176.3983299509253
2024-12-12,176.45549072070799
2024-12-13,179.72064244409748
2024-12-14,181.95831133000038
2024-12-15,180.16343218997582
2024-12-16,183.09557993705673
2024-12-17,181.67223935088805
2024-12-18,182.26250670151543
2024-12-19,184.04624640411933
2024-12-20,188.0130650861158
2024-12-21,186.42237026700445
2024-12-22,187.86006490488865
2024-12-23,189.1104936324632
2024-12-24,192.81964463730196
2024-12-25,190.15934919313813
2024-12-26,189.72372276641354
2024-12-27,189.3372139541514
2024-12-28,186.7589265806563
2024-12-29,185.73033148407745
2024-12-30,185.5823580199381
2024-12-31,186.28221742623901
